{"access_token": "ya29.GlxtBqYGS2jkQcf_Y_kb4Il3Y05CItt9FjGqI0zfcFXNPQbrGUMcciAXwhXq7urgKz4P41lQlWj70v1GeCFZe8_qZVnZ5rvO0MxCs7BMomirz_nNOotikZp2GVCFlQ", "client_id": "1034937565379-7gn7kg8bkkchsv9ucgs2r0du7g9dari8.apps.googleusercontent.com", "client_secret": "deeNqulgZTos-3ZQvUsBeH69", "refresh_token": "1/M8wxxEmc2YpWypKOs5LT_Jz6KNlD1qpZ1H81vNHlQrQ", "token_expiry": "2018-12-09T15:23:45Z", "token_uri": "https://www.googleapis.com/oauth2/v3/token", "user_agent": null, "revoke_uri": "https://oauth2.googleapis.com/revoke", "id_token": null, "id_token_jwt": null, "token_response": {"access_token": "ya29.GlxtBqYGS2jkQcf_Y_kb4Il3Y05CItt9FjGqI0zfcFXNPQbrGUMcciAXwhXq7urgKz4P41lQlWj70v1GeCFZe8_qZVnZ5rvO0MxCs7BMomirz_nNOotikZp2GVCFlQ", "expires_in": 3600, "scope": "https://www.googleapis.com/auth/calendar", "token_type": "Bearer"}, "scopes": ["https://www.googleapis.com/auth/calendar"], "token_info_uri": "https://oauth2.googleapis.com/tokeninfo", "invalid": false, "_class": "OAuth2Credentials", "_module": "oauth2client.client"}